company_name,job_role,job_location,salary_pa,skills,company_rating,standardized_job_role
General Mills,"D&T Analyst II – Marketing Technology, Sites & Services",Mumbai,10200000.0,"Cloud infrastructure, Software troubleshooting, Business analysis, SQL, Analysis skills",4.1,Analyst Roles
General Mills,Sr. D&T Analyst – Commercial Capabilities,India,0.0,"Cloud infrastructure, Oracle, Kanban, Salesforce, Tableau",4.1,Analyst Roles
Citi,Apps Dev Tech Lead Analyst - C13 - PUNE,Pune,4200000.0,"Oracle, Management, React, Tomcat, Spark",3.7,Analyst Roles
Hyland Software,Competitive Intelligence Analyst 2,Remote,0.0,"Research, Analysis skills, Project management, Data analytics, Training & development",3.7,Analyst Roles
"SmartWinnr, Hyderabad",Incentive Analyst,India,750000.0,"Power BI, Data modeling, Microsoft Excel, Data mining, Business intelligence",,Analyst Roles
Bridgepoint services,Junior MIS analyst,India,348000.0,"Data analysis skills, SQL, Analysis skills, Agile, Communication skills",,Analyst Roles
Micron,Geopolitical Intelligence Analyst,Hyderābād,0.0,"English, Research, Analysis skills, Data visualization, Communication skills",3.8,Analyst Roles
Concentrix,Forecasting Analyst,Bengaluru,14400000.0,"Machine learning, Forecasting, Regression analysis, Communication skills, Python",4.0,Analyst Roles
MMIT,Configuration Analyst,Remote,0.0,"Jira, Technical support, Microsoft Office, Analysis skills, Quality assurance",3.8,Analyst Roles
Carrier,Analyst,Hyderābād,6600000.0,"Microsoft Powerpoint, Microsoft Word, Power BI, Microsoft Excel, Oracle",3.6,Analyst Roles
Barclays,Analyst Internal Reporting,Chennai,6000000.0,"SAP, Regulatory reporting, Alteryx, Tableau, Administrative experience",3.9,Analyst Roles
NatWest,Performance & Business Management Analyst,Bengaluru,6000000.0,"Microsoft Office, Analysis skills, Data analytics, Events management, Communication skills",4.1,Analyst Roles
Maruti Suzuki India Ltd,DM/MGR Business Research Analyst,Delhi,0.0,"Computer literacy, Research, Presentation skills, Data management, Communication skills",3.8,Analyst Roles
Sophos,IT Service Desk Analyst,Ahmedabad,7200000.0,"Azure, Windows, Microsoft Office, IT support, Computer networking",4.0,Analyst Roles
NielsenIQ,System Analyst (M/F/D),Pune,6000000.0,"CI/CD, Statistical software, Statistics, SAFe, Big data",3.8,Analyst Roles
Kline & Company,"Analyst – Beauty & Wellbeing, India",India,0.0,"English, Research, Analysis skills, Market research, Communication skills",3.4,Analyst Roles
Resource Tree,Fraud Scam Disruption Analyst,Gurgaon,24000000.0,"PCI, Information security, Customer relationship management, Data analytics, Fraud prevention and detection",4.2,Analyst Roles
IBI Group,Quality Analyst - Manual,Hyderābād,6600000.0,"Jira, Test automation, Selenium, Quality assurance, Confluence",3.7,Analyst Roles
Expedia Group,Competitive Intelligence Analyst,Gurgaon,0.0,"Power BI, R, Tableau, SQL, UML",3.8,Analyst Roles
Accenture,Func & Ind Intelligence Analyst,Gurgaon,0.0,"Procurement, English, Data management, Master data management",3.8,Analyst Roles
Crypto Mize,Open Source Intelligence Analyst,Delhi,0.0,"Information security, Chef",4.8,Analyst Roles
fifthnote,"Analyst II,Operations",Remote,0.0,"Azure, Windows, RBAC, ITIL, Communication skills",4.5,Analyst Roles
Visa,"Analyst, Visa Network Defense (fraud schemes & payments)",Bengaluru,8400000.0,"SQL, Splunk, Fraud prevention and detection, Python, Analytics",3.9,Analyst Roles
Blue Yonder,Sr. Business Analytics Analyst,Bengaluru,7200000.0,"Power BI, Business intelligence, Big data, SQL, Analysis skills",4.0,Analyst Roles
Lowe's,Analyst,Bengaluru,9600000.0,"Cloud infrastructure, Microsoft Excel, Business intelligence, R, Research",4.2,Analyst Roles
Boston Consulting Group,BI&A Senior Analyst,Gurgaon,6600000.0,"Hyperion, Power BI, Microsoft Excel, Oracle, Business intelligence",4.3,Analyst Roles
DocuSign,Threat Intelligence Analyst,Bengaluru,0.0,"Docusign, Information security, Analysis skills, Presentation skills, Scripting",3.6,Analyst Roles
Zeta Global,BE Analyst,Hyderābād,9000000.0,"Customer service, Microsoft Office, Digital marketing, Data collection, AI",3.5,Analyst Roles
PepsiCo,Senior DX Analyst,Hyderābād,10800000.0,"Microsoft Powerpoint, Power BI, Microsoft Excel, Relational databases, English",3.9,Analyst Roles
Norstella,Senior SQL Engineer (Data Intelligence Analyst),Remote,0.0,"Power BI, Tableau, SQL, Analysis skills, Machine learning",3.4,Analyst Roles
Oracle,Programmer Analyst 4-IT,Hyderābād,8400000.0,"Oracle, Business intelligence, Java, SQL, Perl",3.8,Analyst Roles
Colt Technology Services,Security Operations Analyst,Gurgaon,6600000.0,"Incident management, Software deployment, Information security, Splunk, DNS",4.2,Analyst Roles
NKT,Market Intelligence Analyst,Chennai,0.0,"Microsoft Powerpoint, Search engines, Power BI, Data mining, R",4.3,Analyst Roles
Arete,"Junior Analyst-Structured Data Services, Contract",Hyderābād,8400000.0,"Statistics, Microsoft Excel, Oracle, Data mining, XML",4.6,Analyst Roles
Zeta Global,Workday HRIS Analyst,Hyderābād,7800000.0,"Microsoft Excel, Digital marketing, Human resources, Payroll, HRIS",3.5,Analyst Roles
"Flexera Software, Inc.",Analyst - Renewals,Bengaluru,7200000.0,"Salesforce, English, Communication skills, Order fulfillment",3.7,Analyst Roles
Crypto Mize,Security Intelligence Analyst,Delhi,0.0,"Information security, SQL, VoIP, Incident response, IDS",4.8,Analyst Roles
Micron,"ASSOC INFOSEC ANALYST VMP - IT CSOC, EIS",Hyderābād,8400000.0,"Information security, Scripting, ServiceNow, Communication skills, Python",3.8,Analyst Roles
Quantanite,"Real Time Analyst, WFM",Thāne,4800000.0,"Power BI, Microsoft Excel, English, Tableau, Data management",3.5,Analyst Roles
Eightfold.AI,Senior Contract Analyst,Bengaluru,700000.0,"Analysis skills, Communication skills, Negotiation, Time management",3.2,Analyst Roles
Magnit,RPA Process Analyst,Vadodara,600000.0,"Microsoft Powerpoint, Microsoft Word, Microsoft Excel, Microsoft Outlook, Go",3.4,Analyst Roles
Sanofi,Senior Analyst- Competitive Intelligence,Hyderābād,0.0,"Microsoft Powerpoint, Power BI, Microsoft Excel, Alteryx, English",4.0,Analyst Roles
Sciative Solutions,Jr Analyst,Navi Mumbai,450000.0,"Big data, Analysis skills, Time management",3.1,Analyst Roles
Kelly Services Internal,Red Team Analyst,Hyderābād,0.0,"Penetration testing, Project management, Computer networking, Leadership, Communication skills",3.3,Analyst Roles
Pinkerton,Intelligence Analyst,Bengaluru,0.0,"Marathi, Bilingual, Mandarin, Customer service, English",3.7,Analyst Roles
Exela Technologies,SOC Analyst,Chennai,3600000.0,"Penetration testing, Computer networking, SIEM, Analytics",3.6,Analyst Roles
Visa,"Analyst, Advanced Analytics VAMP Operations Enablement, Ecosystem Risk Programs",Bengaluru,6000000.0,"Microsoft Powerpoint, Power BI, Microsoft Excel, Data mining, Spark",3.9,Analyst Roles
Venator,Senior Product Analyst,Gurgaon,3250000.0,"Jira, Power BI, R, Trello, E-Commerce",3.4,Analyst Roles
Sapiens,Quality Analyst,Bengaluru,9600000.0,"Business intelligence, SQL",3.6,Analyst Roles
Novartis,Analyst,Hyderābād,6000000.0,"Email marketing, Salesforce Marketing Cloud, Research, SQL, Digital marketing",4.0,Analyst Roles
RockWallet,Payments Analyst,Noida,0.0,"Microsoft Excel, Business intelligence, SQL, Pivot tables, Communication skills",3.1,Analyst Roles
Boundaryless,Business Analytics Analyst,Pune,9000000.0,"Statistics, Pricing, SAS, R, Tableau",5.0,Analyst Roles
Husky Technologies,Business Development Analyst- Husky (India) Chennai,Chennai,7200000.0,"Microsoft Powerpoint, Power BI, Data modeling, Financial modeling, Data analysis skills",3.7,Analyst Roles
Accenture,BI Engineering Analyst,Mumbai,0.0,"Power BI, Business intelligence, Analysis skills, Data management",3.8,Analyst Roles
Deloitte,Analyst/Senior Analyst -CMG - GPS - Competitive Markt Intelligence - Hyderabad,Hyderābād,7200000.0,"Microsoft Powerpoint, Power BI, Microsoft Excel, Data mining, Salesforce",4.0,Analyst Roles
Micron,RBAC Software Access Control Analyst,Hyderābād,5400000.0,"Authentication, Microsoft Excel, Information security, RBAC, Software development",3.8,Analyst Roles
Faurecia,Analyst - DRF,Pune,8400000.0,"Power BI, Azure, Project management, Sentiment analytics, Machine learning",3.7,Analyst Roles
LatentView Analytics,Senior Analyst,Bengaluru,9600000.0,"Business intelligence, Tableau, SQL, Communication skills",4.0,Analyst Roles
XL Catlin,"Analyst, Talent Sourcing & Intelligence (Generalist)",Gurgaon,0.0,"Microsoft Powerpoint, Research, Market research, HR sourcing, IT",3.8,Analyst Roles
Adobe,Data Informatics Analyst,Noida,7200000.0,"Performance tuning, Power BI, Data modeling, Azure, SQL",4.2,Analyst Roles
Novartis,Senior Analyst - MCI,Hyderābād,6000000.0,"Cloud architecture, Enterprise Software, Salesforce, Business analysis, Analysis skills",4.0,Analyst Roles
Crypto Mize,Corporate Intelligence Analyst,Delhi,0.0,"Business intelligence, Information security, Analysis skills, Computer skills, Chef",4.8,Analyst Roles
Fresh Gravity,Analyst / Consultant - Data Quality (2025),Pune,10200000.0,"Power BI, Quality management, Tableau, SQL, Analysis skills",3.5,Analyst Roles
Kayzen,Product Analyst (m/f/d),Bengaluru,10200000.0,"Go, Data analysis skills, Process improvement, SQL, Analysis skills",4.3,Analyst Roles
Accenture,Analytics and Modeling Senior Analyst,Bengaluru,0.0,"Microsoft Excel, Microsoft Access, Visual Basic, Microsoft Office, Analysis skills",3.8,Analyst Roles
Rockwell Automation,"BUSINESS PROCESS ANALYST , SHARED SRV",Delhi,0.0,"Power BI, SAP CRM, SAP, Microsoft Office, Agile",3.7,Analyst Roles
RSM US LLP,Associate - SOC Analyst,Hyderābād,6000000.0,"Computer science, TCP, Operating systems, Windows, Information security",3.7,Analyst Roles
ICF,Energy Markets Analyst,Bengaluru,10200000.0,"Microsoft Excel, Data analysis skills, Research, Microsoft Office, Analysis skills",3.6,Analyst Roles
GoDaddy,Senior Business Analytics Analyst,Pune,10800000.0,"Business intelligence, Microsoft SQL Server, Tableau, SQL, AWS",3.7,Analyst Roles
Kayzen,Senior Product Analyst,Bengaluru,10200000.0,"Go, Data analysis skills, Process improvement, SQL, Analysis skills",4.3,Analyst Roles
Knack Consulting Services Pvt Ltd,IRR & Forensics-Incident Response Analyst,Mumbai,0.0,"TCP, Incident management, Research, Windows, Information security",3.8,Analyst Roles
Link Group,Share Register Analyst,Mumbai,9600000.0,"Microsoft Excel, Research, Communication skills, Time management",3.5,Analyst Roles
Curriculum Associates,Transformation Analyst,Bengaluru,7200000.0,"Change management, Agile, Training & development, Project leadership, Communication skills",5.0,Analyst Roles
SpringerNature,Quality Analyst,Pune,6600000.0,"Jira, Selenium, Java, REST, Scrum",4.0,Analyst Roles
Colgate-Palmolive,"Sr. Analyst, Business Analytics",Mumbai,9600000.0,"Statistics, R, Tableau, Project management, Data visualization",4.2,Analyst Roles
Vedak,Analyst,Kolhāpur,6000000.0,"Lead generation, English, Microsoft Office, Business development, Computer networking",4.1,Analyst Roles
Chryselys,Senior Analyst - Insights & Analytics (APLD),Hyderābād,8400000.0,"Microsoft Powerpoint, Microsoft Excel, Business analysis, Data analysis skills, Tableau",4.6,Analyst Roles
Tekion,Senior T & E Analyst,Bengaluru,0.0,"Cognos, Microsoft Excel, Expense management, Analysis skills, Organizational skills",3.4,Analyst Roles
Rite Software Solutions & Services (IN),SOC Analyst,Hyderābād,6600000.0,"Penetration testing, TCP, Cloud infrastructure, Operating systems, Network infrastructure",4.1,Analyst Roles
Dolby,Sr. Talent Intelligence Analyst,Bengaluru,0.0,"Power BI, Talent management, R, Data analysis skills, Tableau",3.9,Analyst Roles
CRU International,Analyst / Senior Analyst - Steel Costs and Emissions,India,0.0,"English, Research, Analysis skills, Data management, Product demos",3.9,Analyst Roles
"PRGX Global, Inc",Analyst,Pune,6600000.0,"Microsoft Powerpoint, Pricing, Microsoft Access, Oracle, Microsoft Outlook",3.5,Analyst Roles
Crypto Mize,Operations Intelligence Analyst,Delhi,0.0,"Business intelligence, SAS, Microsoft Office, Information security, Analysis skills",4.8,Analyst Roles
GD Research Center,Senior Analyst,Hyderābād,450000.0,"Microsoft Powerpoint, Project planning, Research, Analysis skills, Presentation skills",3.4,Analyst Roles
Micron,"IT Business Process Analyst- SAP ECC, S/4 Hana, SAP MM",Hyderābād,10200000.0,"Procurement, SAP, ERP systems, SAP Materials Management, Performance testing",3.8,Analyst Roles
Trellix,Partner Care Analyst,Bengaluru,0.0,"Live chat, Customer service, Salesforce",3.4,Analyst Roles
Accenture,PPSM Analyst,Mumbai,0.0,"Jira, Adobe Creative Suite, Project management, JavaScript, AI",3.8,Analyst Roles
Amex,Analyst-Data Analytics,Gurgaon,7800000.0,"Statistical software, Power BI, Microsoft Excel, Data mining, SAS",4.1,Analyst Roles
Ingredion Incorporated,Sr Analyst - Reporting Digital Technology Solutions,Maharashtra,21000000.0,"Microsoft Powerpoint, Microsoft Word, Power BI, Microsoft Excel, Azure",3.8,Analyst Roles
Ellicium,Configuration Analyst,Pune,6000000.0,"Big data, Microsoft Office, SQL",3.7,Analyst Roles
Sails Software,Settlement Analyst,Visakhapatnam,7200000.0,"SOX, Analysis skills, Accounting, Banking",4.3,Analyst Roles
Guidehouse,Quality Analyst,Chennai,5400000.0,"Microsoft Powerpoint, Microsoft Word, Microsoft Excel, Microsoft Access, Microsoft Outlook",3.6,Analyst Roles
NielsenIQ,MDM Project Analyst,Pune,9000000.0,"Microsoft Excel, SAP, ERP systems, Data analysis skills, Analysis skills",3.8,Analyst Roles
Deloitte,AU FSS-Resource Management- Senior Analyst-Hyderabad,Hyderābād,0.0,"Microsoft Powerpoint, Microsoft Word, Microsoft Excel, Microsoft Outlook, Project management",4.0,Analyst Roles
Dev Information Technology Limited,SOC Analyst L1,Ahmedabad,200000.0,"FTP, TCP, Azure, Operating systems, PCI",,Analyst Roles
S&P Global,Senior Geopressure Analyst,Bengaluru,8400000.0,English,4.1,Analyst Roles
XL Catlin,"Analyst, Talent Sourcing & Intelligence (Tech Sourcing)",Gurgaon,0.0,"Research, HR sourcing, Recruiting, IT, Financial services",3.8,Analyst Roles
Deloitte,Senior Analyst - Strategy & Transformation - USI,Hyderābād,9600000.0,"Microsoft Powerpoint, Power BI, Financial modeling, Tableau, Visual design",4.0,Analyst Roles
Palo Alto Networks,MDR Analyst (Unit 42),Bengaluru,8400000.0,"English, SoC, SIEM, Communication skills, Malware analysis",4.0,Analyst Roles
Datazymes,Senior Analyst -Analytics (Power BI),Bengaluru,6600000.0,"Power BI, Data modeling, Microsoft SQL Server, SSRS, SQL",4.3,Analyst Roles
Prescient Healthcare Group,"Senior Analyst, Competitive Strategy",Gurgaon,850000.0,"Project management, Communication skills, Time management",3.4,Analyst Roles
S&P Global,VRM Operations Analyst,Hyderābād,9000000.0,"Information security, NIST standards, Risk management, Organizational skills, Communication skills",4.1,Analyst Roles
Tapsoft Tech Labs Pvt Ltd,Quality Analyst,India,250000.0,"Marathi, Backbone.js, JUnit, Test automation, Selenium",,Analyst Roles
Schneider Electric,Digital Energy Commercial Transformation Analyst,Bengaluru,0.0,"Microsoft Powerpoint, Microsoft Excel, Business intelligence, Analysis skills",4.2,Analyst Roles
Axion Ray,Senior Analyst,Bengaluru,7200000.0,"R, Sentiment analytics, Machine learning, Natural language processing, Data science",3.9,Analyst Roles
Contify,Senior Analyst – Insights Team,Gurgaon,14400000.0,"Microsoft Powerpoint, Microsoft Word, Research, Microsoft Office, Communication skills",4.1,Analyst Roles
Cummins Inc.,Corporate Strategy Analyst - Senior,Pune,10200000.0,"Business intelligence, Business analysis, Math, SharePoint, Analytics",4.0,Analyst Roles
Sabre,IT Operations Analyst I,Bengaluru,8400000.0,"Operating systems, Windows, AWS, Virtualization, Agile",3.8,Analyst Roles
LSEG (London Stock Exchange Group),Security Testing Operations Analyst,Bengaluru,7800000.0,"Penetration testing, Presentation skills, Cybersecurity, Communication skills",3.8,Analyst Roles
DEV Information Technology Ltd.,SOC Analyst,Ahmedabad,300000.0,"FTP, TCP, Azure, Operating systems, PCI",,Analyst Roles
Barclays,Analyst - RAS IR,Pune,10200000.0,"SAP, Regulatory reporting, Alteryx, Tableau, Project management",3.9,Analyst Roles
Sandoz,"Senior Analyst, Competitive Intelligence",Telangana,0.0,"Microsoft Powerpoint, Microsoft Word, Microsoft Excel, English, Databases",3.9,Analyst Roles
Energy Aspects,Oil Products Analyst,Calcutta,0.0,"Yoga, English, SQL, Analysis skills, Communication skills",3.8,Analyst Roles
Kline & Company,"Senior Analyst – Energy, India",India,0.0,"Microsoft Powerpoint, Microsoft Excel, Microsoft Office, Databases, Market research",3.4,Analyst Roles
NICE Systems,Senior Business Applications Analyst - BI Backend,Pune,8400000.0,"Performance tuning, Data modeling, Oracle, Microsoft SQL Server, English",4.3,Analyst Roles
Magna International Inc.,"Junior Analyst, SAP SD/MM/PP",Bengaluru,10800000.0,"EDI, Supplier management, SAP, SAP Materials Management, English",4.0,Analyst Roles
GLOBALFOUNDRIES,Principal Analyst Bus Unit Market Intelligence - Strategic Business role,Bengaluru,0.0,"Microsoft Powerpoint, Microsoft Office, Analysis skills, Project management, Data analytics",3.8,Analyst Roles
Citi,Data/Information Mgt Analyst 2 - C10 - BANGALORE,Bengaluru,9600000.0,"Microsoft Powerpoint, Microsoft Excel, SAS, SQL, Analysis skills",3.7,Analyst Roles
NielsenIQ,Analyst - Modeling,Vadodara,6000000.0,"Microsoft Excel, R, Data analysis skills, SQL, Analysis skills",3.8,Analyst Roles
Zeta Global,"Programmatic Analyst, Programmatic Activation Analytics",Bengaluru,9000000.0,"Statistics, SAS, Apache Hive, Tableau, SQL",3.5,Analyst Roles
Cleartax,Product Analyst,Bengaluru,10800000.0,"Microsoft Excel, Tableau, SQL, AWS, Analysis skills",3.6,Analyst Roles
HoonarTek,Conversational Designer/Analyst,Pune,8400000.0,"Business intelligence, D3.js, Research, Natural language processing, Agile",3.5,Analyst Roles
Harvest Group,Data Operations Analyst,Tamil Nadu,0.0,"Azure, Business intelligence, Git, English, SQL",4.8,Analyst Roles
Carrier,"Senior Analyst, Global SCM CoE",Hyderābād,6600000.0,"Microsoft Powerpoint, Microsoft Word, Power BI, Microsoft Excel, Oracle",3.6,Analyst Roles
Micron,Senior GRC Analyst,Hyderābād,7800000.0,Information security,3.8,Analyst Roles
Qualcomm,Project Analyst - Salesforce Admin,Hyderābād,9000000.0,"Statistics, Microsoft Excel, Business intelligence, Big data, Salesforce",3.9,Analyst Roles
S&P Global,Power Market Analyst (South Asia),Mumbai,8400000.0,"Power BI, Microsoft Excel, R, Microsoft Office, Tableau",4.1,Analyst Roles
NTT DATA,EDR Analyst - L1,Mumbai,8400000.0,"Telephony, ITIL, Research & development",3.8,Analyst Roles
Citi,Business Analytics Int Analyst - C11,Bengaluru,8400000.0,"Statistics, Microsoft Excel, Oracle, Data mining, SAS",3.7,Analyst Roles
Accenture,Pursuit Writing Senior Analyst,Bengaluru,0.0,"Microsoft Powerpoint, Microsoft Word, Writing skills, English, Italian",3.8,Analyst Roles
Deutsche Bank,Analytics Senior Analyst,Bengaluru,7800000.0,"Analysis skills, Requirements gathering, Communication skills",4.0,Analyst Roles
MoEngage Inc,Product Analyst,Bengaluru,7200000.0,"Power BI, Microsoft Excel, Big data, Business analysis, Git",4.1,Analyst Roles
General Mills,"CPW Analyst II, Applied Analytics",India,0.0,"Microsoft Powerpoint, Statistics, Power BI, Microsoft Excel, Nielsen",4.1,Analyst Roles
"Intercontinental Exchange Holdings, Inc.",IT Change Control Analyst II,Hyderābād,500000.0,"Business intelligence, Microsoft Office, Change management, SQL, ITIL",3.4,Analyst Roles
Accenture,Measurement & Report Analyst,Mumbai,0.0,"Computer science, Power BI, Data modeling, Microsoft Excel, Azure",3.8,Analyst Roles
Fluence Energy,Performance Analyst,Bengaluru,7200000.0,"Power BI, Tableau, Data management, Data visualization, Communication skills",3.7,Analyst Roles
Bain & Company Inc,"Analyst, Marketing Analytics",Delhi,0.0,"Microsoft Powerpoint, Power BI, Microsoft Excel, Business intelligence, Relational databases",4.3,Analyst Roles
SS&C,Sales Operations Analyst,Hyderābād,800000.0,"Microsoft Powerpoint, Microsoft Excel, Sales, Salesforce, Tableau",3.1,Analyst Roles
Micron,"IT Business Process Analyst - SAP Ariba, Procurement",Hyderābād,10200000.0,"Power BI, Microsoft Excel, SCCM, Procurement, SAP",3.8,Analyst Roles
Sandoz,Sr. Analyst - Forecasting,Telangana,0.0,"Operations management, Business analysis, English, Research, Project management",3.9,Analyst Roles
Barclays,IB Quant Research Analyst - AVP,Noida,10200000.0,"Statistics, Research, Java, C++, Math",3.9,Analyst Roles
Avalon Global Research,Tech_Analyst/Sr Analyst | AGR Knowledge Services Pvt Ltd,Mumbai,6600000.0,"AI, Leadership, Communication skills",3.8,Analyst Roles
ADCI - BLR 14 SEZ - F07,"Risk Mining Analyst, Risk Mining",Karnataka,0.0,"Microsoft Excel, Business intelligence, SAS, R, English",3.6,Analyst Roles
Corpay,Senior FPA Analyst,Chennai,500000.0,"Microsoft Powerpoint, Microsoft Word, Financial planning, Power BI, Microsoft Excel",3.2,Analyst Roles
"Cornerstone OnDemand, Inc.",Services Operations Analyst,Mumbai,3600000.0,"Microsoft Powerpoint, CRM software, Microsoft Excel, Project Server, Salesforce",3.8,Analyst Roles
CYFIRMA,Analyst/Senior Analyst – Malware Research Analyst,Bengaluru,6600000.0,"TCP, Analysis skills, IDS, Scripting, Computer networking",4.0,Analyst Roles
Board International,Product Support Specialist (L3 Analyst),Mumbai,500000.0,"Operating systems, Business intelligence, Research, Performance management, SQL",3.2,Analyst Roles
PVH,"Senior Analyst, Operational Excellence",Bengaluru,950000.0,"Microsoft Powerpoint, Microsoft Word, Microsoft Excel, Supply chain, R",3.4,Analyst Roles
Crypto Mize,Privacy Analyst,Delhi,0.0,"Information security, NIST standards, Chef, Communication skills",4.8,Analyst Roles
State Street,"Alpha Transaction Lifecycle Management, Business Mapping Analyst, Officer",Hyderābād,4200000.0,"Kanban, Business analysis, Microsoft Office, SQL, Analysis skills",3.5,Analyst Roles
"PRGX Global, Inc",Analyst Correspondence (German Support),Pune,6600000.0,"Business intelligence, English, Research, Customer support, Communication skills",3.5,Analyst Roles
Trellix,Quote Operations Analyst,Bengaluru,700000.0,"Customer service, English, Communication skills, Order fulfillment, Time management",3.4,Analyst Roles
nimble International,"Quality Analyst, Coder",Hyderābād,4800000.0,"Pricing, Microsoft Excel, Medical coding, Windows, Microsoft Office",4.1,Analyst Roles
Amgen,Senior Associate IS Analyst,Hyderābād,7200000.0,"Jira, Power BI, Azure, Data structures, Business analysis",4.1,Analyst Roles
Micron,Global IT Field Services Operations Engineer/Analyst,Hyderābād,8400000.0,"Desktop support, Remedy, Business analysis, Field sales, Windows",3.8,Analyst Roles
Cogitate Technology,Quality Analyst,Navi Mumbai,4800000.0,"Waterfall, LoadRunner, Test automation, Selenium, Java",4.3,Analyst Roles
QuEST Global,AI Developer and Analyst,Bengaluru,5400000.0,"TensorFlow, Azure, Software deployment, Java, Analysis skills",3.7,Analyst Roles
Citi,Data Quality Intermediate Analyst - C11,Chennai,7800000.0,"Microsoft Powerpoint, Statistics, Microsoft Excel, SAS, Process improvement",3.7,Analyst Roles
NielsenIQ,Sr Analyst - Modeling,Vadodara,6000000.0,"Microsoft Excel, R, Data analysis skills, Analysis skills, Market research",3.8,Analyst Roles
OakNorth Bank,IT Support Service Desk- Senior Analyst,Gurgaon,6000000.0,"Customer service, IT support, ServiceNow, Communication skills",3.5,Analyst Roles
CRISIL,Senior Analyst - Commercial,Pune,0.0,"Microsoft Powerpoint, Power BI, Microsoft Excel, Bloomberg, Communication skills",3.8,Analyst Roles
Accenture,GN - SONG - ACE - Genesys - Analyst,Gurgaon,0.0,"Business intelligence, Customer service, Call center, Spark, IVR",3.8,Analyst Roles
Crypto Mize,Data Intelligence Analyst,Delhi,0.0,"Cognos, Crystal Reports, Power BI, Microsoft Excel, SAS",4.8,Analyst Roles
AST LLC,Oracle Guided Learning Analyst,Pune,7800000.0,"Microsoft Powerpoint, Microsoft Word, Microsoft Excel, Oracle, Business intelligence",3.8,Analyst Roles
Accenture,GN - SONG - Service - Amazon Connect – Analyst,Hyderābād,0.0,"Cloud architecture, Business intelligence, Node.js, Software deployment, Salesforce",3.8,Analyst Roles
Accenture,GN - SONG - Service - Genesys - Analyst,Bengaluru,0.0,"Business intelligence, Customer service, Spark, IVR",3.8,Analyst Roles
PowerSchool Group LLC,Education Impact Analyst 1,Bengaluru,0.0,"CRM software, Customer retention, Customer service, Salesforce, Microsoft Office",3.8,Analyst Roles
Accenture,GN - Management Consulting - Life Sciences - Life Sciences - Analyst,Gurgaon,0.0,"Microsoft Powerpoint, Microsoft Word, Power BI, Microsoft Excel, Azure",3.8,Analyst Roles
Accenture,GN- Industry Strategy- Life Science Strategy - Analyst,Bengaluru,0.0,"Business intelligence, Presentation skills, Product development, Sketch, Research & development",3.8,Analyst Roles
Lucy Electric,Global IT Service Desk Analyst,Gujarat,0.0,"Power BI, Azure, Operating systems, Incident management, Software troubleshooting",3.9,Analyst Roles
Ontic Technologies,Security Operations Analyst,Noida,5400000.0,"Software troubleshooting, Information security, AWS, Splunk, Scripting",4.0,Analyst Roles
AppZen,Analyst - Customer Value Management,Pune,4800000.0,"Accounts payable, Project management, Presentation skills, Account management",3.7,Analyst Roles
Circle K,Analyst- Benchmarking and Operations Analysis,Gurgaon,500000.0,"Hyperion, Power BI, Microsoft Excel, Project planning, ERP systems",3.1,Analyst Roles
Deloitte,Senior Analyst - CMG - Government & Public Services (GPS) – CRM - Hyderabad,Hyderābād,7200000.0,"Microsoft Powerpoint, Microsoft Excel, Salesforce, Data analysis skills, English",4.0,Analyst Roles
General Mills,D&T Analyst I – Product Information Capabilities,India,0.0,"Cloud infrastructure, Research, Change management, Natural language processing, SAP S/4HANA",4.1,Analyst Roles
Accenture,GN-Life Science- Intelligent Functions- Analyst,Hyderābād,0.0,"Business intelligence, SAP, Spark, SAP Materials Management, English",3.8,Analyst Roles
Illumina,Finance TM1 Analyst,Bengaluru,9000000.0,"Financial planning, Microsoft Excel, Business intelligence, Software deployment, SQL",3.5,Analyst Roles
Deloitte,Salesforce Developer - Sr. Analyst,Hyderābād,0.0,"Business intelligence, Software troubleshooting, SAP HANA, SAP, Salesforce",4.0,Analyst Roles
Momentive,Analyst - Tech CoE Support,Bengaluru,0.0,"SAP, Microsoft Office, Tableau, Machine learning, Organizational skills",3.5,Analyst Roles
Accenture,S&C Global Network - Strategy - MC - Industry X - Robotics – Analyst,Bengaluru,0.0,Manufacturing,3.8,Analyst Roles
P&S Intelligence,Senior Analyst,India,0.0,"Writing skills, Forecasting",3.2,Analyst Roles
Accenture,Sales Operations Analyst,Gurgaon,0.0,"Field sales, English, Microsoft Office, Taxonomy, SharePoint",3.8,Analyst Roles
RealPage India,Sr Incident Response Analyst,Hyderābād,4800000.0,"Data center experience, COBIT, Information security, Incident response, NIST standards",3.6,Analyst Roles
Saviynt,Staff Compensation Analyst,Bengaluru,9000000.0,"PaaS, Analysis skills, Communication skills",3.9,Analyst Roles
International Flavors & Fragrances,Sr.Analyst,Hyderābād,2400000.0,"Data modeling, Business intelligence, Software deployment, SAP, SQL",3.8,Analyst Roles
TE Connectivity,BUSINESS PROCESS ANALYST III,Bengaluru,5400000.0,"Microsoft Powerpoint, Statistics, Power BI, Procurement, SAP",4.1,Analyst Roles
ABBYY,Senior Analyst,India,0.0,"Image processing, PCI, Information security, Analysis skills, Machine learning",2.7,Analyst Roles
Lucy Electric,BI Development Analyst,Vadodara,7800000.0,"CI/CD, Power BI, Azure, Business intelligence, English",3.9,Analyst Roles
Invoq Loop Insurance Brokers,Sr. Product Analyst,Bengaluru,7200000.0,"Business intelligence, R, SQL, PostgreSQL, Redshift",3.8,Analyst Roles
StickmanCyber,SOC Analyst L3,India,0.0,"Elasticsearch, TCP, Azure, Incident management, Customer service",,Analyst Roles
Accenture,S&C GN - T&O - OA – Survey Solutions Delivery - Analyst,Gurgaon,0.0,"Business intelligence, Adobe Captivate, Spark, English, Project management",3.8,Analyst Roles
Calix,Finance Systems and Intelligence Analyst,Bengaluru,0.0,"TensorFlow, Power BI, Data modeling, Image processing, Microsoft Excel",4.6,Analyst Roles
Gallagher,Analyst/Senior Analyst,Mumbai,5400000.0,"Microsoft Excel, Microsoft Office, Analysis skills, Financial statement preparation, Accounting",3.6,Analyst Roles
Accenture,GN - Industry - LS - R&D Analyst,Hyderābād,0.0,"Business intelligence, Spark, English, Business development, Team management",3.8,Analyst Roles
Eclerx,Senior Analyst,India,0.0,"Microsoft Powerpoint, Microsoft Excel, Business intelligence, Big data, Microsoft Office",3.4,Analyst Roles
Accenture,GN - SONG - Service - Sprinklr – Analyst,Hyderābād,0.0,"Business intelligence, Customer service, Enterprise Software, Spark, AWS",3.8,Analyst Roles
BizTecno,Data Quality Analyst - Data Governance,Chandigarh,0.0,"Statistics, Oracle, SAP, Tableau, Databases",4.7,Analyst Roles
Evalueserve,Senior Analyst -Market Data Management,Gurgaon,7800000.0,"Research, Microsoft Office, Presentation skills, Data management, Investment banking",3.7,Analyst Roles
ICF,Senior Building Energy Analyst,Delhi,0.0,"Microsoft Excel, Business development, Analysis skills, Customer relationship management, Construction",3.6,Analyst Roles
Alvarez and Marsal,Analyst - DI - BI,Mumbai,6600000.0,"Microsoft Powerpoint, English, Research, Analysis skills, Project management",4.0,Analyst Roles
Micron,Sr. Resilience Analyst - IT EIS,Hyderābād,9000000.0,"Disaster recovery, Information security",3.8,Analyst Roles
State Street,"Primary System Analyst, Officer",Hyderābād,6600000.0,"Microsoft Windows Server, Azure, Software troubleshooting, Customer service, DevOps",3.5,Analyst Roles
Lowe's,Lead Analyst - Test & Measurement Analytics,Bengaluru,9600000.0,"Microsoft Powerpoint, Power BI, Microsoft Excel, SQL, Analysis skills",4.2,Analyst Roles
NASDAQ,"Senior Analyst - Client Support, AxiomSL",Mumbai,10800000.0,"Microsoft Excel, Customer service, Regulatory reporting, Business analysis, Microsoft SQL Server",4.1,Analyst Roles
Travelex,SOC Analyst,Mumbai,700000.0,"Penetration testing, TCP, PCI, Encryption, English",3.4,Analyst Roles
Accenture,Func & Ind Intelligence Senior Analyst,Gurgaon,0.0,"Procurement, English, Data management, Master data management",3.8,Analyst Roles
Accenture,GN-Public Services-Sustainability-Analyst,Bengaluru,0.0,"Microsoft Powerpoint, Bilingual, Microsoft Word, Microsoft Excel, English",3.8,Analyst Roles
S&P Global,OPERATIONS ANALYSIS ANALYST,Noida,8400000.0,"Microsoft Excel, EDI, Bloomberg, SQL, Communication skills",4.1,Analyst Roles
Carrier,Senior Analyst,Hyderābād,6600000.0,"Microsoft Powerpoint, Microsoft Word, Power BI, Microsoft Excel, Oracle",3.6,Analyst Roles
Prudential plc,Lead Data Insight Analyst,India,0.0,"Jira, Mobile applications, R, Data analysis skills, Tableau",3.8,Analyst Roles
Accenture,GN- Public Service - Data & AI - Analyst,Gurgaon,0.0,"Organization design, Blueprint reading, Sketch, AI, Financial acumen",3.8,Analyst Roles
GoDaddy,Senior Business Analytics Analyst - Finance,Pune,10800000.0,"Business intelligence, Microsoft SQL Server, Tableau, SQL, AWS",3.7,Analyst Roles
Accenture,Service Delivery Ops Senior Analyst,Hyderābād,0.0,English,3.8,Analyst Roles
Pyramid Global Technologies,Process Analyst,Mohali,7200000.0,"CRM software, Pegasystems, Oracle, Customer service, SAP",5.0,Analyst Roles
Institutional Shareholder Services,Compliance Risk Assessment Analyst,Mumbai,7800000.0,"Microsoft Office, Risk management, Organizational skills, Communication skills",3.5,Analyst Roles
Guidepoint,Senior Analyst - Insights,Mumbai,700000.0,"English, Research, Content development, Computer networking, Recruiting",3.3,Analyst Roles
Accenture,GN - SONG - Service - Google CCAI - Analyst,Bengaluru,0.0,"Business intelligence, Avaya, Call center, Spark, Analysis skills",3.8,Analyst Roles
Cencora,Analyst III - IT Solutions,Pune,4800000.0,"Power BI, CSS, SAP, Salesforce, Microsoft Office",3.6,Analyst Roles
CustomerXPs,Infrastructure Analyst,Bengaluru,400000.0,"NFS, LAN, Disaster recovery, Windows, .NET",3.3,Analyst Roles
Sanofi,Senior Analyst – Advanced Analytics,Hyderābād,4800000.0,"Power BI, Microsoft Excel, Data mining, Management, Sales",4.0,Analyst Roles
News Corp,Senior Vulnerability and Exposure Management Analyst,Bengaluru,650000.0,"AWS, Analysis skills, Splunk, Communication skills, Python",3.4,Analyst Roles
S&P Global,Sr Analyst - BI Sales Analytics,Hyderābād,7200000.0,"Microsoft Powerpoint, Power BI, Azure, R, AWS",4.1,Analyst Roles
iOPEX Technologies,ANALYST / SR. ANALAYT / LEAD - SOCIAL LISTENING,Chennai,4800000.0,"Social listening, Business intelligence, Data science",4.1,Analyst Roles
Educational Testing Service (ETS),Data Protection Analyst - India,Delhi,0.0,"Business intelligence, Information security, Risk management, ISO 27001, SIEM",2.8,Analyst Roles
Landis+Gyr,SAP Success Factor Analyst,Noida,7800000.0,"Power BI, Microsoft Excel, SAP, System architecture, Business analysis",3.7,Analyst Roles
Accenture,GN - SONG - Service - Google CCAI - Senior Analyst,Chennai,0.0,"Business intelligence, Avaya, Spark, Analysis skills, Agile",3.8,Analyst Roles
Accenture,I&F Decision Sci Practitioner Sr Analyst,Mumbai,0.0,"Social listening, Social media marketing, Communication skills",3.8,Analyst Roles
Eclerx,Senior Analyst - System Engineer,India,0.0,"Business intelligence, Big data, Tableau, SQL, Data management",3.4,Analyst Roles
Accenture,GN- Industry – MC- Capital Markets- Analyst,Pune,0.0,"Business intelligence, Sketch, Financial acumen, Communication skills",3.8,Analyst Roles
"QAD, Inc.",Associate Functional Analyst ( Digital Commerce),Mumbai,6600000.0,"Jira, Adobe Photoshop, Oracle, CSS, Software troubleshooting",4.2,Analyst Roles
Citi,Data and Information Management Sr Analyst – C10,Chennai,8400000.0,"Jira, Microsoft Powerpoint, Microsoft Excel, SAS, Big data",3.7,Analyst Roles
Accenture,GN - SONG - Service - Amazon Connect Functional – Analyst,Bengaluru,0.0,"Business intelligence, Customer service, Spark, AWS, Sketch",3.8,Analyst Roles
Accenture,GN - Tech Strategy and Advisory - TS&A - Resilient Modern Architecture - Analyst,Gurgaon,0.0,"Business intelligence, 5G, Analysis skills, Agile, Sketch",3.8,Analyst Roles
Accenture,GN - SC&O - BPM - Japan - Bilingual Analyst,Bengaluru,0.0,"Bilingual, Business intelligence, Spark, ERP systems, Japanese",3.8,Analyst Roles
Accenture,GN - SONG - Service – Nice CX One - Analyst,Bengaluru,0.0,"Live chat, Business intelligence, Kubernetes, Customer service, Call center",3.8,Analyst Roles
ZF,Principal IT Analyst,Chennai,6600000.0,"Cloud infrastructure, Azure, Ansible, Git, OpenStack",3.9,Analyst Roles
Interesting Engineering Inc,Audience Engagement Analyst,Remote,0.0,"Power BI, Web analytics, R, Google Tag Manager, English",,Analyst Roles
Superfone,MIS Analyst,India,250000.0,"Power BI, Microsoft Excel, English, Research, Tableau",,Analyst Roles
JLL,"Analyst, Sustainability Data and Reporting",Bengaluru,10200000.0,"Microsoft Excel, Spark, Presentation skills, Communication skills",3.8,Analyst Roles
Larsen & Toubro,Analyst,India,750000.0,"Power BI, Microsoft Excel, Business analysis, Data analysis skills, SQL",3.4,Analyst Roles
Deloitte,Analyst- GLAS- Hyderabad,Hyderābād,7200000.0,"Microsoft Powerpoint, Microsoft Excel, Customer service, SQL, Analysis skills",4.0,Analyst Roles
Tech Mahindra,HRIS Analyst - CSG International - Remote,Bengaluru,1350000.0,"Benefits administration, Computer science, Human resources, APIs, HRIS",,Analyst Roles
BP Energy,Mass Data Change Senior Analyst,Pune,10200000.0,"Microsoft Excel, SAP, Data structures, Data management, SAP ERP",3.9,Analyst Roles
BP Energy,Transition Analyst,Pune,10200000.0,"Power BI, Analysis skills, Presentation skills, SharePoint, Microsoft Project",3.9,Analyst Roles
Koch Technology Solutions,Junior Associate Analyst.,Bengaluru,7800000.0,"Pricing, Power BI, Microsoft Excel, SAP, Supply chain",3.8,Analyst Roles
Boston Consulting Group,Global People Analytics Analyst,Gurgaon,9000000.0,"Power BI, Data modeling, Microsoft Excel, Management, Spark",4.3,Analyst Roles
Boston Consulting Group,"Analyst, Geo Analytics, India - X Delivery",Bengaluru,9000000.0,"ArcGIS, Computer science, Power BI, Data modeling, Spark",4.3,Analyst Roles
AnugrahHrservices,Data Management Analyst,Mumbai,264000.0,"FTP, Microsoft Excel, Data analysis skills, English, Analysis skills",,Analyst Roles
IndustryARC,Research Analyst,Remote,250000.0,"English, Research, ASP",3.0,Analyst Roles
JPMorganChase,Data Management- Analytics Solutions Analyst,Hyderābād,6600000.0,"Microsoft Excel, Alteryx, Microsoft SQL Server, Tableau, SQL",4.0,Analyst Roles
Giant Eagle GCC,Senior Analyst Enterprise Insights,Karnataka,0.0,"R, SQL, Python, Analytics",3.3,Analyst Roles
EOS,Supply Chain Planning Analyst(Night Shift),Bengaluru,650000.0,"Supply chain, ERP systems, SAP Materials Management, SQL, Analysis skills",3.4,Analyst Roles
NetApp,"Performance Analyst (Benchmark, storage-control-plane, Data Path)",Bengaluru,7200000.0,"Operating systems, C, Perl, Scripting, Leadership",4.1,Analyst Roles
Boston Consulting Group,"Analyst, Geo Analytics, India - X Delivery",Gurgaon,6600000.0,"ArcGIS, Computer science, Power BI, Data modeling, Spark",4.3,Analyst Roles
Alvarez and Marsal,Analyst - TAG FS,Remote,0.0,"Microsoft Powerpoint, Power BI, Microsoft Excel, Alteryx, Research",4.0,Analyst Roles
Amex,Analyst- Data Analytics,Gurgaon,7800000.0,"Microsoft Powerpoint, Microsoft Excel, SAS, Apache Hive, Microsoft Office",4.1,Analyst Roles
Zelis,Detection Analyst,Hyderābād,0.0,"Azure, Operating systems, Data analysis skills, Information security, AWS",3.8,Analyst Roles
UBS,Data & Visualization Analyst,Mumbai,0.0,"Power BI, Azure, Tableau, SQL, Agile",3.8,Analyst Roles
Tesco,Analyst-Data Analysis,Bengaluru,9600000.0,"Wiki systems, Alteryx, Git, Apache Hive, Tableau",3.8,Analyst Roles
Market Expertise,Data Research Analyst,Maharashtra,0.0,Communication skills,4.5,Analyst Roles
BP Energy,GA Analyst,Pune,10200000.0,"SAP, Regulatory reporting, English, Analysis skills, Accounting",3.9,Analyst Roles
Capital Placement Services,Junior Analyst: Research & Consulting Team Hybrid Gurgaon,Gurgaon,900000.0,"Talent management, Research, Research & development",,Analyst Roles
Boston Consulting Group,Lead Knowledge Analyst,Gurgaon,7800000.0,"Microsoft Excel, Financial modeling, Salesforce, Spark, Alteryx",4.3,Analyst Roles
AnugrahHrservices,Data Acquisition Analyst,Mumbai,264000.0,"FTP, Microsoft Excel, Data analysis skills, English, Analysis skills",,Analyst Roles
Orange Mantra,Data Research Analyst,Gurgaon,400000.0,"Data mining, Research, Machine learning, APIs",,Analyst Roles
JSK Industrial Supply,Data entry analyst – Part time,Vadodara,150000.0,"Microsoft Excel, Data entry",,Analyst Roles
Eclerx,Analyst,Pune,0.0,"Microsoft Excel, Regulatory reporting, Investment banking, Time management",3.4,Analyst Roles
Deloitte,Senior Analyst - DTTL R&BP - Global Independence - Data Integrity,Hyderābād,7200000.0,"Power BI, Microsoft Excel, R, Data analysis skills, Quality management",4.0,Analyst Roles
GEP,Analyst - Data and Analytics,India,0.0,,3.9,Analyst Roles
Koch Global Services,Analyst - Finance Data & Reporting,Bengaluru,0.0,"SAP, GAAP, Financial concepts, General ledger accounting",3.8,Analyst Roles
Feathersoft,Junior Market Research Analyst,India,0.0,"Microsoft Powerpoint, Microsoft Word, Microsoft Excel, Data mining, Microsoft Office",4.2,Analyst Roles
"Annalect, Omnicom Media Group India Private Limited.",Reporting & Insights-Analyst,Hyderābād,5400000.0,"Microsoft Powerpoint, Power BI, Microsoft Excel, Alteryx, Tableau",3.7,Analyst Roles
EOS,Supply Chain Operations Analyst (Night Shift),Bengaluru,650000.0,"Supply chain, ERP systems, SAP Materials Management, SQL, Analysis skills",3.4,Analyst Roles
EOS,Supply Chain Analyst - Product Lifecycle Management Analyst,Bengaluru,650000.0,"Google Docs, Microsoft Excel, SAP, Supply chain, Analysis skills",3.4,Analyst Roles
Mohr Partners,Business Analytics Analyst,Remote,0.0,"ArcGIS, Microsoft Powerpoint, Microsoft Word, Microsoft Excel, SAS",3.2,Analyst Roles
Incisive Research,Research Analyst,Delhi,0.0,"Search engines, Market research",1.0,Analyst Roles
WebMobi 360,Research Analyst Intern,Remote,72000.0,English,,Analyst Roles
Fluid.Live Solutions Pvt Ltd,Data Research Analyst,Pune,2880000.0,"Microsoft Excel, Supply chain, Research, Analysis skills, Market research",4.4,Analyst Roles
KPMG,Analyst - Data Analytics,Gurgaon,6000000.0,"Incident management, IT auditing, SOX, Communication skills",3.7,Analyst Roles
m360 Research,"Analyst – Reporting, Data Services",Bengaluru,8400000.0,"Microsoft Powerpoint, Microsoft Excel, English, Japanese, Microsoft Office",3.8,Analyst Roles
BP Energy,Data Operations Analyst,Pune,7800000.0,"Procurement, SAP, Data structures, Supply chain, Data management",3.9,Analyst Roles
Mohr Partners,"Business Analytics Analyst (Remote, India)",Chennai,650000.0,"ArcGIS, Microsoft Powerpoint, Microsoft Word, Microsoft Excel, SAS",3.2,Analyst Roles
Unipath Specialty Laboratory Ltd.,Data Entry Analyst,Ahmedabad,0.0,Data entry,,Analyst Roles
Coinbase,EDD Analyst II,Hyderābād,6000000.0,"Jira, Microsoft Powerpoint, Google Docs, Salesforce, Communication skills",3.8,Analyst Roles
Google,Engagement Abuse Analyst,Hyderābād,0.0,"Data mining, Quality assurance, Machine learning, Data management",4.3,Analyst Roles
Norstella,Market Research Analyst,Remote,0.0,"Microsoft Powerpoint, Microsoft Word, Microsoft Office, Market research, Machine learning",3.4,Analyst Roles
Blackridge Research & Consulting,Associate Analyst,India,300000.0,"Market analysis, Research, Analysis skills, Market research, Data entry",,Analyst Roles
Vserve Ebusiness Solutions,SCM Analyst,India,200000.0,"Microsoft Excel, Supply chain management, Communication skills",,Analyst Roles
Yext,Operations Analyst,Hyderābād,7800000.0,"Software troubleshooting, Data analysis skills, Project management, Quality assurance, Customer support",3.6,Analyst Roles
JB Poindexter (India) Private Limited,"Analyst, Master Data Management",Bengaluru,6600000.0,"Microsoft Excel, JD Edwards, ERP systems, Data analysis skills, Data management",3.8,Analyst Roles
Sprinklr,Data Quality Analyst,Gurgaon,930000.0,"Microsoft Excel, Enterprise Software, Salesforce, English, SQL",3.3,Analyst Roles
PinnacleWorks Infotech,Product Analyst Intern,Gurgaon,1944000.0,,3.6,Analyst Roles
Begig,Data Governance & Data Quality Analyst,Remote,1248000.0,"Test automation, Selenium, Functional testing, Software testing, Informatica",,Analyst Roles
Google,Open Source Intelligence Collection Analyst,Hyderābād,0.0,"Quality control, Data analytics, Fraud prevention and detection, Google Ads, Cybersecurity",4.3,Analyst Roles
Capital Placement Services,Competitive Intelligence Analyst-ICT For Market Research Firm (WFH),Delhi,1100000.0,Research,,Analyst Roles
Pulsus Group,Data Visualisation Analyst,Hyderābād,5400000.0,"D3.js, QlikView, Tableau, SQL, Data management",4.3,Analyst Roles
Genpact,AM - OTC -Analyst,Hyderābād,4800000.0,"Microsoft Excel, SQL, Analysis skills, Data analytics, Pivot tables",3.9,Analyst Roles
BP Energy,FP&A Analytics & Digitization Analyst,Pune,10200000.0,"Power BI, SAP, ERP systems, Process improvement, Tableau",3.9,Analyst Roles
Boston Consulting Group,Senior Knowledge Analyst - Market Acceleration,Gurgaon,7800000.0,"Microsoft Powerpoint, Research, Databases, Quality assurance, Content development",4.3,Analyst Roles
Robosoft,Pre-Sales Analyst – Data & Analytics,Remote,0.0,"Analysis skills, Communication skills, Pre-sales, Customer acquisition, Analytics",3.9,Analyst Roles
Deloitte,Legal - PMO Analyst - GPS,Hyderābād,7800000.0,"Procurement, Supply chain, English, Microsoft Office, Analysis skills",4.0,Analyst Roles
Model N,Consultant -Data Operations Analyst (Life Sciences),Hyderābād,6600000.0,"Microsoft Excel, Business intelligence, Databases, SQL, Analysis skills",3.7,Analyst Roles
Experian,Analyst,Hyderābād,9000000.0,"Microsoft Word, Microsoft Excel, Oracle, English, Data management",4.2,Analyst Roles
Zinfog Codelabs pvt ltd,Data Research Analyst,Calicut,150000.0,"CRM software, Data mining, Lead generation, Research, Digital marketing",,Analyst Roles
e2open,"Analyst, Channel Data Services - Bangalore",Bengaluru,0.0,Quality assurance,3.4,Analyst Roles
Guires Solutions Private Limited,Freelance Market Research Analyst,Remote,0.0,"Research, Tableau, Application development, Qualtrics, Analysis skills",,Analyst Roles
Calltawk Solution LLC- FZ,Investment Analyst,Remote,450000.0,"Investment management, Data mining, Management, Financial modeling, Research",,Analyst Roles
Capital Placement Services,Looking For Market Research Analyst,Gurgaon,1100000.0,"Market analysis, Market research",,Analyst Roles
Insight Cosmetics,MIS Analyst,India,300000.0,"Microsoft Excel, Data analysis skills, Analysis skills, Pivot tables, Data visualization",,Analyst Roles
Deutsche Bank,Data and/or Records Analyst,Mumbai,3600000.0,"Microsoft Powerpoint, Microsoft Word, Microsoft Access, Visio, English",4.0,Analyst Roles
Tradelink International Private Limited,Research Analyst (Agro Fertilizer),India,850000.0,"Research, Agriculture",,Analyst Roles
4CRisk.ai Software,Data Quality Analyst,Bengaluru,600000.0,"Data modeling, English, Analysis skills",2.9,Analyst Roles
Pepup HR,Political Intelligence Analyst,Chennai,420000.0,"Microsoft Powerpoint, Microsoft Word, Tamil, Communication skills",,Analyst Roles
JPMorganChase,Data Management Controllers - Analyst,Mumbai,7800000.0,"SAP, Alteryx, Tableau, AWS, Analysis skills",4.0,Analyst Roles
PrideVel Technologies Limited,Jr. Research Analyst,Mumbai,550000.0,"Market analysis, Analysis skills, Quantitative analysis, Communication skills",,Analyst Roles
Mapmygenome,Bioinformatics Analyst,Hyderābād,450000.0,"MATLAB, Clinical research, Big data, R, Data analysis skills",2.9,Analyst Roles
Exavalu,Research Analyst,India,0.0,"Microsoft Powerpoint, Microsoft Office, Communication skills",4.3,Analyst Roles
Zazz,Growth Marketing Analyst,India,18000000.0,"Email marketing, Data analysis skills, Tableau, Analysis skills, Digital marketing",4.0,Analyst Roles
Kelly Services Internal,Data Protection Analyst,Hyderābād,0.0,"English, Microsoft Office, Project management, Computer skills, SaaS",3.3,Analyst Roles
URL FACTORY PRIVATE LIMITED,Data Research Analyst Intern,Salem,432000.0,"Laboratory experience, Research, Analysis skills, Machine learning",,Analyst Roles
Cargill,Data Governance Analyst,Bengaluru,6000000.0,,4.0,Analyst Roles
BlackRock Investments,"Analyst, Investment Performance Reporting",Gurgaon,9000000.0,,3.9,Analyst Roles
Lowe's,Analyst - ESS,Bengaluru,9600000.0,Information security,4.2,Analyst Roles
Barclays,TM analyst BUK,Noida,8400000.0,,3.9,Analyst Roles
"Turnitin, LLC",HR Analyst (India Remote),Mumbai,8400000.0,"Statistical software, Power BI, R, Data analysis skills, Tableau",4.4,Analyst Roles
JPMorganChase,Data Management Analyst,Mumbai,7800000.0,"Microsoft Powerpoint, Microsoft Word, Microsoft Excel, Relational databases, QlikView",4.0,Analyst Roles
Veins Corporate Services Pvt Ltd (www.adaayafarm.com),MIS Analyst,Chennai,360000.0,"Microsoft Excel, Data analysis skills, Analysis skills, Data analytics, Pivot tables",,Analyst Roles
Interactive Brokers,Data Analytics and Reporting - Analyst,Mumbai,8400000.0,"Microsoft Powerpoint, Power BI, Microsoft Excel, Relational databases, NoSQL",3.8,Analyst Roles
Cadd Centre,MIS Analyst,India,360000.0,"CRM software, Microsoft Excel, Data analysis skills, English, Analysis skills",3.4,Analyst Roles
Mondelēz International,"Analyst, Analytics",Mumbai,6600000.0,"Data modeling, Microsoft Excel, R, Alteryx, Data analysis skills",3.9,Analyst Roles
CRISIL,Research Analyst,Delhi,0.0,,3.8,Analyst Roles
Novartis,Associate Analyst-Master Data Management,Hyderābād,9600000.0,"MRP, Project management, Data management",4.0,Analyst Roles
Indwell Retail Pvt Ltd,Jr Analyst,India,282000.0,"Microsoft Excel, WordPress, Web development, Machine learning, Communication skills",,Analyst Roles
HighLevel,WFM Analyst,Remote,0.0,"Customer service, Data analysis skills, SQL, Analysis skills, Machine learning",4.2,Analyst Roles
ZF,Market Research Analyst,Pune,6000000.0,"Microsoft Powerpoint, Microsoft Excel, Microsoft Office, Analysis skills, Market research",3.9,Analyst Roles
Boston Consulting Group,Global Finance & Operations Analyst - Risk Operations,Gurgaon,9600000.0,"Microsoft Powerpoint, Microsoft Word, Microsoft Excel, Microsoft Outlook, Research",4.3,Analyst Roles
VisaPro,Research Analyst,Hyderābād,3600000.0,Research,3.5,Analyst Roles
Norstella,Analyst (Drug Master),Remote,0.0,"Sourcing, Research, Microsoft Office, Machine learning, Clinical trials",3.4,Analyst Roles
Endeavor Employment Solutions,Research Analyst,Remote,360000.0,"Data modeling, Bamboo, Math, Agriculture, Communication skills",,Analyst Roles
"Annalect, Omnicom Media Group India Private Limited.",Adops - Analyst,Bengaluru,8400000.0,"DoubleClick, Technical support, Analysis skills, Digital marketing, JavaScript",3.7,Analyst Roles
Porte Interior Solutions Pvt. Ltd,Data Management Analyst,Ghaziabad,300000.0,"Microsoft Word, Data mining, Analysis skills, Data management, Management reporting",,Analyst Roles
Larsen & Toubro,HR Analyst,Chennai,900000.0,"Power BI, SQL, Human resources, Analytics",3.4,Analyst Roles
Mordor Intelligence,Research Analyst,India,0.0,"Microsoft Powerpoint, Microsoft Word, Microsoft Excel, Microsoft Office, Analysis skills",3.7,Analyst Roles
Citi,Officer (Ref Data Mgmt Analyst 1 - C09,Gurgaon,9600000.0,,3.7,Analyst Roles
Puma Energy,Master Data Management Analyst,Mumbai,6600000.0,"Supplier management, Data management, Master data management",3.8,Analyst Roles
FarMart,Agri Research Analyst,Gurgaon,6000000.0,"Statistical software, Data analysis skills, Research, Tableau, Analysis skills",4.5,Analyst Roles
Barclays,AVP - Data Quality Analyst,Chennai,9000000.0,Management,3.9,Analyst Roles
REXMAN,Search Engine Optimization (SEO) Analyst | Expert,Remote,6600000.0,"Search engines, CSS, XML, Keyword research, Microsoft Office",3.7,Analyst Roles
Gritstone Technologies,Product Analyst,Calicut,13800000.0,"Microsoft Powerpoint, Microsoft Word, Microsoft Excel, Microsoft Outlook, Microsoft Office",4.6,Analyst Roles
"Annalect, Omnicom Media Group India Private Limited.",Programmatic - Analyst,Bengaluru,10200000.0,"Microsoft Excel, Digital marketing",3.7,Analyst Roles
KPMG,Analyst - Internal Audit,Mumbai,7200000.0,"Microsoft Powerpoint, Microsoft Word, Microsoft Excel, SOX, Microsoft Office",3.7,Analyst Roles
Arsh Biotech,Data mining analyst (Part-time),Pitampura,500000.0,"Data mining, Communication skills",,Analyst Roles
m360 Research,Qualitative Research Analyst (Healthcare) – Transcript Analysis,Bengaluru,6000000.0,"Microsoft Powerpoint, Microsoft Word, Microsoft Excel, Research, Microsoft Office",3.8,Analyst Roles
IndustryARC,Associate Research Analyst,Hyderābād,250000.0,"English, Research",3.0,Analyst Roles
Electric Pe,Quality Analyst,Bengaluru,480000.0,"CRM software, Management, Data analysis skills, English, Analysis skills",,Analyst Roles
Boston Consulting Group,Senior Knowledge Analyst - Insurance,Mumbai,4800000.0,"Spark, Databases",4.3,Analyst Roles
BP Energy,Network Development Analyst,Pune,0.0,Negotiation,3.9,Analyst Roles
Ideapoke Technologies Pvt Ltd,Research Analyst,Bengaluru,10200000.0,,4.0,Analyst Roles
Zelis,Business Reporting and Process Analyst,Hyderābād,0.0,"Jira, Power BI, Microsoft Excel, Microsoft Access, Business intelligence",3.8,Analyst Roles
TravClan Technology India,Content Analyst I,Delhi,7800000.0,"Microsoft Excel, Analysis skills, Product management",3.6,Analyst Roles
Investec,Data Governance Analyst,Mumbai,7200000.0,"Power BI, SQL, Analysis skills, Data management, Agile",3.9,Analyst Roles
Deloitte,Analyst - Risk and Brand Protection - Compliance Help Desk,Hyderābād,4800000.0,"Customer service, Research, Organizational skills, ServiceNow, Customer support",4.0,Analyst Roles
eHealthSystem Technologies,Research Analyst,Pune,0.0,"Microsoft Powerpoint, Microsoft Word, Microsoft Excel, English, Research",,Analyst Roles
One Root (ENP Farms Private Limited),Market Research Analyst,India,300000.0,"Tableau, Market research, Data collection, SPSS, Marketing",,Analyst Roles
Five Feed Learning Solutions Pvt. Ltd.,"Academic Research Consultant, Academic Research Analyst",Delhi,4200000.0,Research,3.8,Analyst Roles
William O’Neil India,Data Research Analyst,Bengaluru,3600000.0,"English, Organizational skills, Computer skills, Communication skills",4.1,Analyst Roles
Recruise,1700_ Data and Market Research Analyst,Bengaluru,0.0,"Statistical software, Power BI, Microsoft Excel, Relational databases, R",4.7,Analyst Roles
Morningstar,Data Research Analyst,Navi Mumbai,0.0,"Microsoft Powerpoint, Microsoft Word, Microsoft Excel, Microsoft Outlook, Regulatory reporting",4.0,Analyst Roles
Infineon Technologies,Analyst Data Architecture Engineering,Bengaluru,6000000.0,"Statistics, Spark, Business analysis, Tableau, Java",4.1,Analyst Roles
PCDS Infotech,Data/Research Analyst,Mumbai,7200000.0,"Statistics, Math, Computer skills",5.0,Analyst Roles
Goldman Sachs,Internal Audit-Hyderabad-Analyst-Data Analytics,Hyderābād,0.0,"Statistics, QlikView, Tableau, SQL, Math",3.9,Analyst Roles
OMH HealthEdge Holdings,QUALITY CONTROL ANALYST - DATA,Bengaluru,5400000.0,"Management, Analysis skills, Quality assurance, Quality control, SAP ERP",4.0,Analyst Roles
BP Energy,"Category Management Analyst, Foodservice and Beverage",Pune,12000000.0,"Microsoft Powerpoint, Pricing, Power BI, Microsoft Excel, Microsoft Access",3.9,Analyst Roles
Stryker,PMO Analyst,Gurgaon,7200000.0,"Power BI, Microsoft Excel, English, Project management, Data entry",4.1,Analyst Roles
KPMG,Analyst - Data Analytics- Gurgaon,Gurgaon,6000000.0,"Power BI, Alteryx, SQL, Data analytics, Data science",3.7,Analyst Roles
Mahotsav Creation Pvt. Ltd.,Data Entry Analyst,India,1512000.0,"Microsoft Powerpoint, Microsoft Word, Power BI, Microsoft Excel, Data analysis skills",4.5,Analyst Roles
Infosys,Analyst - Privacy & Data Protection,Bengaluru,7800000.0,Communication skills,3.6,Analyst Roles
BHIVE Workspace,Analyst,Bengaluru,9600000.0,"Power BI, Microsoft Excel, Business analysis, Data analysis skills, Forecasting",3.8,Analyst Roles
Capgemini,Quality Analyst,Bengaluru,5400000.0,"Microsoft Powerpoint, QoS, Knowledge management, Microsoft Excel, Analysis skills",3.8,Analyst Roles
m360 Research,Analyst - Coding Data Services,Bengaluru,3600000.0,"English, Japanese, Microsoft Office, .NET, Market research",3.8,Analyst Roles
m360 Research,"Junior/Analyst/Senior Analyst, (Data Validation) DP, DS",Bengaluru,3600000.0,"Microsoft Excel, Japanese, Microsoft Office, .NET, SPSS",3.8,Analyst Roles
TransUnion,"Senior Analyst, Design Data and Analysis",Chennai,7800000.0,"Power BI, Microsoft Excel, Alteryx, English, Tableau",4.0,Analyst Roles
Comcast Corporation,Data Management Analyst 2,Chennai,5400000.0,Quality assurance,3.8,Analyst Roles
Northern Trust Corp.,"Analyst, Risk Data Management",Bengaluru,6600000.0,"Microsoft Powerpoint, Microsoft Word, Statistics, Power BI, Microsoft Excel",3.8,Analyst Roles
TriNet,Senior Data Quality Analyst,Hyderābād,7200000.0,"Statistics, Microsoft Office, SQL, Analysis skills, Communication skills",3.6,Analyst Roles
Optum,Qualtrics or Medallia - Digital Experience Measurement Analyst,Hyderābād,0.0,"Microsoft Powerpoint, Microsoft Excel, Qualtrics, Analysis skills, Market research",3.5,Analyst Roles
Pulsus Group,Data Visualisation Analyst-Mobile version,Visakhapatnam,0.0,"D3.js, QlikView, Tableau, SQL, Data management",4.3,Analyst Roles
Ketto,Product Analyst,Mumbai,7800000.0,"Statistics, Software deployment, SQL, Statistical analysis, Math",4.1,Analyst Roles
TransUnion,Analyst,Chennai,0.0,"Power BI, Microsoft Excel, Salesforce, Data analysis skills, Analysis skills",4.0,Analyst Roles
Citi,Reference Data Management Analyst - Gurgaon,Gurgaon,0.0,Python,3.7,Analyst Roles
CRISIL,Analyst,Pune,9000000.0,"Microsoft Powerpoint, Microsoft Excel, Bloomberg, Microsoft Office, Tableau",3.8,Analyst Roles
Mastercard,"Analyst, Analytics & Metrics",Pune,0.0,"Power BI, Data modeling, Oracle, Big data, R",4.2,Analyst Roles
BP Energy,FP&A Analytics & Digitization Senior Analyst,Pune,10200000.0,"DevOps, Process improvement, Performance management, Product management, Leadership",3.9,Analyst Roles
Humaniquee,MIS Analyst,India,3384000.0,"Power BI, Microsoft Excel, Data analysis skills, Tableau, SQL",4.6,Analyst Roles
Citi,Data/Information Mgt Analyst 2 - C10 - BANGALORE,Bengaluru,9600000.0,"SAS, Big data, R, Database administration, Machine learning",3.7,Analyst Roles
WNS Global Services,Analyst- WFM,Nashik,600000.0,"Microsoft Powerpoint, CRM software, Microsoft Excel, Avaya, English",3.4,Analyst Roles
Sagebridge pvt ltd,DigitalMarketing / Growth Analyst / Innovation Consultant,Remote,180000.0,"Microsoft Powerpoint, Sales, Data analysis skills, Lead generation, English",,Analyst Roles
Kontoor Brands,"Senior Analyst, BI Data & Reporting",Remote,0.0,"SFTP, Power BI, EDI, SAP, Microsoft SQL Server",3.5,Analyst Roles
NOTROX Research Private Limited,Research Analyst - Bioanalytical Lab,India,0.0,"Laboratory experience, Machine learning, Quality control",,Analyst Roles
Trade Brains,Research Analyst,India,250000.0,"Financial modeling, Analysis skills, Communication skills",3.2,Analyst Roles
NETHRADHAMA SUPER SPECIALITY EYE HOSPITAL,Sr. Analyst,India,2880000.0,,4.4,Analyst Roles
Amex,Analyst-Operations,Gurgaon,8400000.0,"Microsoft Powerpoint, Power BI, Microsoft Excel, SAS, Tableau",4.1,Analyst Roles
IntouchCX,Pricing Analyst,Hyderābād,0.0,"Microsoft Excel, Analysis skills, Communication skills, Time management",3.4,Analyst Roles
Evolent Health,"Analyst, Provider Data Management",Pune,250000.0,"Microsoft Powerpoint, Visual Basic, Microsoft SQL Server, Analysis skills, Organizational skills",3.4,Analyst Roles
Zykrr,Project Analyst,Gurgaon,700000.0,"Process improvement, Microsoft Office, Project management, SaaS, Communication skills",,Analyst Roles
Interactive Brokers,Market Data Operations Analyst,Mumbai,7200000.0,"Jira, Microsoft Excel, English, Confluence, Communication skills",3.8,Analyst Roles
KRAFTON,Product Analyst,Bengaluru,0.0,"Microsoft Excel, Tableau, SQL, Analysis skills, Data analytics",4.4,Analyst Roles
Crownstack Technologies,"Data Research Analyst | Secondary Research Full Time, Noida Location",Noida,5400000.0,"Microsoft Excel, Data mining, Research, Databases",4.1,Analyst Roles
One Point One Solutions Ltd,Quality analyst,Bengaluru,3000000.0,"Microsoft Excel, Data analysis skills, Communication skills",3.5,Analyst Roles
SS&C,Data Migration Analyst PA2024Q3BSDM01,Pune,650000.0,"SQL, Financial services, Communication skills",3.1,Analyst Roles
Equity Data Science,Data Quality Analyst,India,0.0,"Power BI, R, SQL, AWS, Analysis skills",4.5,Analyst Roles
Amazon Pay (India) Private Limited,"Operations Analyst, Operational Analyst",Bengaluru,6000000.0,"Microsoft Excel, Microsoft Office, Communication skills",3.6,Analyst Roles
CommVersion Solutions Pvt. Ltd,Performance Analyst,India,500000.0,"Power BI, Microsoft Excel, Salesforce, Business analysis, Lead generation",,Analyst Roles
Moody's,Data Management Analyst,Bengaluru,9000000.0,"Research, SQL, Data management, Agile, Communication skills",3.9,Analyst Roles
Robosoft Technologies,Presales Analyst,Pune,750000.0,"Sales, Analysis skills, Communication skills, Pre-sales, Customer acquisition",,Analyst Roles
PepsiCo,General Sales Support - Master data maintenance Analyst,Hyderābād,14400000.0,"Microsoft Powerpoint, Sales support, Microsoft Excel, Sales, Microsoft Office",3.9,Analyst Roles
Nepa,Analyst - Ad-Hoc Projects Team,Mumbai,0.0,"Microsoft Powerpoint, English, Microsoft Office, Market research, SPSS",3.8,Analyst Roles
Growisto,Associate Analyst,India,0.0,"Analysis skills, Communication skills",4.3,Analyst Roles
DXC Technology,Analyst I Business Process Transactions,Bengaluru,6000000.0,"English, Databases, Administrative experience, Data entry, Communication skills",3.5,Analyst Roles
CodeAce IT Solutions LLP,Data Entry Analyst,Calicut,1800000.0,"English, Data entry, Organizational skills, Typing",4.1,Analyst Roles
Ecolab,Supply Chain Analyst,Pune,9000000.0,,3.7,Analyst Roles
fluidonomics Solutions,Data Research Analyst,Pune,3000000.0,"Microsoft Excel, Supply chain, Research, Analysis skills, Market research",4.4,Analyst Roles
Techtic Solutions,Data Research Analyst,Ahmedabad,250000.0,"Email marketing, Data mining, Machine learning, MailChimp, Marketing",,Analyst Roles
EXCEL Holic Private Limited,Stock Market Analyst,Remote,108000.0,"Market analysis, R, English, Bloomberg, Analysis skills",,Analyst Roles
Experian,Real Time Analyst,Hyderābād,10200000.0,"Microsoft Powerpoint, Microsoft Excel, Windows, Forecasting",4.2,Analyst Roles
Hurun Report,Senior Research Analyst,India,648000.0,"Data analysis skills, Financial analysis, Accounting, Data collection",,Analyst Roles
H&M,Media Analyst,Bengaluru,7200000.0,"Customer retention, English, SEO, Customer acquisition",3.5,Analyst Roles
"BRG Enterprise Solutions, Inc.",Market Research Analyst,Noida,500000.0,"Microsoft Word, Microsoft Excel, English, Analysis skills, Market research",,Analyst Roles
CRISIL,Research Analyst- Telecommunication,Mumbai,10800000.0,"Microsoft Powerpoint, Microsoft Excel, Research, Microsoft Office, Analysis skills",3.8,Analyst Roles
EY,Analyst - Business Consulting Risk - TMT - CNS - Risk - Process & Controls - Hyderabad,Hyderābād,6000000.0,"Risk management, Agile",3.7,Analyst Roles
Novartis,Senior Analyst - Data & Products,Hyderābād,6000000.0,"Operations management, English, Project management, Quality assurance",4.0,Analyst Roles
"Annalect, Omnicom Media Group India Private Limited.",Search & Social - Analyst,Bengaluru,9000000.0,"Microsoft Powerpoint, Microsoft Word, Microsoft Excel, Google AdWords, Social media marketing",3.7,Analyst Roles
ExxonMobil,Property Solutions Data Analytics Analyst,Bengaluru,11400000.0,"Microsoft Powerpoint, Microsoft Word, AutoCAD, Microsoft Excel, IT management",3.6,Analyst Roles
Recruise,1700_Clinical Statistical Analyst,Bengaluru,0.0,"SAS, Quality assurance",4.7,Analyst Roles
Boston Consulting Group,AP Client Team Senior Analyst,Gurgaon,6600000.0,"Microsoft Powerpoint, Microsoft Excel, SAP, Data analysis skills, English",4.3,Analyst Roles
CRISIL,Research Analyst – Global Commodities Research,Chennai,8400000.0,,3.8,Analyst Roles
Al Tawakkal Group,MIS Analyst,Kottakkal,222000.0,"Microsoft Excel, Data analysis skills, Microsoft Office, SQL, Analysis skills",,Analyst Roles
McKinsey & Company,Research Science Analyst - Performance Lens,Gurgaon,9600000.0,"English, Research, Analysis skills, Data management",4.1,Analyst Roles
Deloitte,Analyst- GLAS- Hyderabad,Hyderābād,83592000.0,"Microsoft Powerpoint, Microsoft Excel, Customer service, SQL, Analysis skills",4.0,Analyst Roles
Deloitte,Windows Administrator - Sr. Analyst,Hyderābād,120096000.0,"Microsoft Windows Server, System administration, Azure, Oracle, Operations management",4.0,Analyst Roles
PTC Inc.,Associate Product Analyst,Pune,110016000.0,"AutoCAD, CAD, Call center, Enterprise Software, SolidWorks",4.3,Analyst Roles
JB Poindexter (India) Private Limited,Warranty Analyst,Bengaluru,0.0,"Microsoft Powerpoint, Microsoft Excel, Presentation skills, Organizational skills, Computer skills",3.8,Analyst Roles
Boost Tech,Offsite Merchandising Analyst,Bengaluru,4800000.0,"Email marketing, Power BI, Microsoft Excel, Vendor management, Salesforce",,Analyst Roles
Mastercard,"Lead Data Quality Analyst, Analytics & Metrics",Pune,33984000.0,"Power BI, Data modeling, Software troubleshooting, Software deployment, Tableau",4.2,Analyst Roles
Evolent Health,"Analyst, Provider Data Management",Pune,2964000.0,"Microsoft Powerpoint, Visual Basic, Microsoft SQL Server, Analysis skills, Organizational skills",3.4,Analyst Roles
Deloitte,Full Stack Dot Net Developer - Analyst,Hyderābād,8400000.0,"Authentication, SAFe, Azure, Software troubleshooting, Bootstrap",4.0,Analyst Roles
Electronic Arts,Procurement Operations Analyst,Hyderābād,6600000.0,Procurement,4.1,Analyst Roles
Xopple,Quality Analyst,Gāndhīnagar,450000.0,"Computer skills, Communication skills",2.7,Analyst Roles
Underpin Services,Quality Analyst,Delhi,330000.0,"Test automation, Analysis skills, Quality assurance, JavaScript, Quality control",,Analyst Roles
PinnacleWorks Infotech,Quality Analyst,Gurgaon,4800000.0,"Jira, Mobile applications, Selenium, English, Java",3.6,Analyst Roles
Skillz Inc.,"Senior FP&A Analyst (Bangalore, India)",Bengaluru,500000.0,"Financial modeling, Tableau, SQL, Unity, Investment banking",2.7,Analyst Roles
Western Digital,Sr. Oracle EPM Developer-Analyst (IT),Bengaluru,9600000.0,"Financial planning, Hyperion, Oracle, Software troubleshooting, Change management",3.7,Analyst Roles
CommScope,"Analyst I, IT Service Desk",Hyderābād,700000.0,"Microsoft Outlook, Customer service, Call center, English, Microsoft Exchange",3.4,Analyst Roles
Certify,Helpdesk Analyst,Remote,0.0,"Operating systems, Software troubleshooting, Windows, APIs, MacOS",3.5,Analyst Roles
Radicle manpower solution,IT Service Desk Analyst,Bengaluru,250000.0,,,Analyst Roles
Prezent.ai,IT Support Lead Analyst,Remote,0.0,"Azure, Microsoft Outlook, Software troubleshooting, Windows, Technical support",4.7,Analyst Roles
Eaton,IT Analyst- Site Infra Support,Chennai,7200000.0,"Windows, Microsoft Office, Information security, Project management, Computer networking",3.9,Analyst Roles
SupportHub360,Level 1/2 – IT Helpdesk Analyst,India,0.0,"Desktop support, Software troubleshooting, MacOS, Linux, Communication skills",5.0,Analyst Roles
Akana Services Private Limited,IT Service Desk Analyst,Bengaluru,0.0,"Software troubleshooting, Customer service, Windows, IT, Active Directory",,Analyst Roles
Unisys,Service Desk Analyst L1 (International Voice Support),Hyderābād,5400000.0,"Microsoft Word, Microsoft Excel, Operating systems, Microsoft Outlook, English",3.6,Analyst Roles
optimhire inc.,IT Helpdesk Analyst,Bengaluru,5400000.0,"Live chat, Jira, Incident management, Software troubleshooting, English",3.6,Analyst Roles
Exela Technologies,"IT service desk, Helpdesk Analyst",Pune,4200000.0,"Incident management, Software troubleshooting, Customer service, SOX, ITIL",3.6,Analyst Roles
Genesis HR Services,IT Service Desk Analyst,Bengaluru,500000.0,"English, Technical support, DNS, ServiceNow, Active Directory",,Analyst Roles
Universal Electronics Inc.,IT Service Desk Analyst,Bengaluru,6000000.0,"Microsoft Powerpoint, Microsoft Word, Microsoft Excel, Oracle, Microsoft Outlook",3.5,Analyst Roles
impact pvt,IT Service Desk Analyst (Japanese),Bengaluru,400000.0,"Google Suite, English, Japanese, ServiceNow, Active Directory",,Analyst Roles
IntouchCX,Service Desk Analyst,Hyderābād,350000.0,"Jira, Google Suite, Multilingual, Remedy, Customer service",3.4,Analyst Roles
Marken,IT Service Desk Analyst - L1,Maharashtra,0.0,"Azure, Operating systems, Software troubleshooting, Customer service, English",2.8,Analyst Roles
Providence Global Center,Senior Service Desk Analyst,Hyderābād,9600000.0,"Microsoft Word, SSO, Power BI, Microsoft Outlook, Customer service",3.5,Analyst Roles
Wissen InfoTech,IT Service Desk Analyst,Bengaluru,4800000.0,Communication skills,3.7,Analyst Roles
Citi,Mainframe Operations Support - Infrastructure Analyst 1,Chennai,8400000.0,"English, IT support, Mainframe development",3.7,Analyst Roles
Citi,Apps Dev Intmd Programmer Analyst - C11 - PUNE,Pune,10800000.0,"Jira, Kubernetes, Ansible, Git, Java",3.7,Analyst Roles
Datastraw,Call Quality Analyst,Remote,228000.0,"Google Docs, Customer service, English, Analysis skills, Quality assurance",,Analyst Roles
QuantInsti Quantitative Learning,Quant Analyst,Remote,12000000.0,"Cloud infrastructure, Node.js, Analysis skills, Docker, Machine learning",4.4,Analyst Roles
Vigneshsoft Innovation pvt Ltd,Research Analyst,India,0.0,"Laboratory experience, Research, Machine learning, Quality control, Research & development",,Analyst Roles
Tendance Research Insights Pvt Ltd,ESG Research Analyst,Delhi,240000.0,"Microsoft Powerpoint, Microsoft Excel, Laboratory experience, Research, Machine learning",,Analyst Roles
Utah Tech Labs,Quality Analyst,Remote,228000.0,"Mobile applications, iOS, Selenium, Databases, SQL",,Analyst Roles
Owens & Minor India Private Limited,Network Operations Analyst I,Pune,750000.0,"Microsoft Windows Server, Oracle, DB2, Supply chain, Microsoft SQL Server",3.3,Analyst Roles
Syniverse,Operations Analyst I,Hyderābād,500000.0,"Oracle, Software troubleshooting, Internet of things, Microsoft SQL Server, Quality control",3.1,Analyst Roles
Deloitte,NOC Engineer - Analyst,Hyderābād,6600000.0,"TCP, Cloud infrastructure, Azure, SCCM, IIS",4.0,Analyst Roles
AtkinsRéalis,Network Operations Analyst,Bengaluru,6000000.0,"TCP, Firewall, Computer networking, Solarwinds, TCP/IP",4.1,Analyst Roles
ASSYSTEM,SOC L1 Analyst,Gurgaon,0.0,"English, Information security, Project management, IDS, SIEM",3.2,Analyst Roles
Yamaha Motor Solutions India Pvt.Ltd.,Vulnerability Analysis & Penetration Testing (VAPT) Analyst,Farīdābād,7200000.0,"Azure, iOS, Encryption, Application development, SOAP",4.1,Analyst Roles
American Express Global Business Travel,Product Strategic Planning & Performance Analyst,Haryana,0.0,"Jira, Power BI, Microsoft Excel, Tableau, Financial analysis",4.1,Analyst Roles
Yoda Technologies Pty Ltd,Senior SOC Analyst,Remote,1250000.0,"Incident management, Splunk, Scripting, SIEM, System security",,Analyst Roles
AECOM,Environmental Geospatial Analyst,Bengaluru,4200000.0,"ArcGIS, AutoCAD, Power BI, Microsoft Access, Relational databases",3.8,Analyst Roles
Deloitte,Windows Administrator - Sr. Analyst,Hyderābād,10200000.0,"Microsoft Windows Server, System administration, Azure, Oracle, Operations management",4.0,Analyst Roles
DBS Bank,"Analyst, DevSecOps Engineer, Consumer Banking Group Technology",Hyderābād,8400000.0,"CI/CD, Cloud infrastructure, Azure, Software troubleshooting, Kubernetes",3.9,Analyst Roles
Goldman Sachs,Software Engineering - Analyst/Associate - Global Banking & Markets,Bengaluru,5400000.0,"Customer service, Data structures, Java, Analysis skills, C++",3.9,Analyst Roles
Avient,"Analyst, LAN & WiFi, Network Infrastructure",Pune,6600000.0,"5G, LAN, Analysis skills, Project management, Leadership",3.6,Analyst Roles
Avient,"Analyst, Network Security, Network Infrastructure",Pune,6600000.0,"5G, LAN, Analysis skills, Project management, Leadership",3.6,Analyst Roles
TE Connectivity,SR ANALYST IT SYSTEMS & SW ADMIN,Bengaluru,9600000.0,"Software troubleshooting, English, Windows, SharePoint, VMWare",4.1,Analyst Roles
Ultimez Technology,Crypto Analyst And Writer,Remote,5400000.0,"Google Docs, Keyword research, SEO tools",4.0,Analyst Roles
Ultimez,Crypto Market Analyst And Writer,Remote,0.0,"Google Docs, Keyword research, Recruiting, Software development, SEO tools",4.0,Analyst Roles
SEO Skyers,SEO Analyst with Content Writing,Remote,400000.0,"Search engines, WordPress, Keyword research, Writing skills, English",,Analyst Roles
Eclerx,Senior Analyst,Gurgaon,300000.0,"Blogging, English",3.4,Analyst Roles
Accenture,Copywriting Analyst,Mumbai,0.0,"Keyword research, Content creation, SEO, Proofreading, Google Ads",3.8,Analyst Roles
ideal Word Script,Statistical Analyst,Remote,150000.0,"Statistical software, MATLAB, Power BI, SAS, Big data",,Analyst Roles
fluidonomics Solutions,News Analyst,Pune,6600000.0,"Microsoft Word, Microsoft Outlook, English, Microsoft Office, Risk analysis",4.4,Analyst Roles
RMSI,Analyst,Noida,500000.0,"English, Analysis skills, Technical writing, Communication skills",3.4,Analyst Roles
TELUS Digital -,PRP Writer Analyst - Mumbai India,India,0.0,"Arabic, Bengali, English, Communication skills",3.6,Analyst Roles
CANPACK,Global HRIS Analyst,Pune,7800000.0,"Analysis skills, Project management, Agile, Communication skills, Workday",3.6,Analyst Roles
Learntech Edu Solutions Pvt. Ltd.,SEO Analyst,India,360000.0,"Search engines, Keyword research, Google Tag Manager, Data analysis skills, Linkbuilding",2.9,Analyst Roles
